{
  "id": "2321772",
  "name": "小程序商城",
  "font_family": "iconfont",
  "css_prefix_text": "icon-",
  "description": "",
  "glyphs": [
    {
      "icon_id": "5030",
      "name": "购物车满",
      "font_class": "gouwucheman",
      "unicode": "e600",
      "unicode_decimal": 58880
    },
    {
      "icon_id": "15933094",
      "name": "微信",
      "font_class": "weixin",
      "unicode": "e607",
      "unicode_decimal": 58887
    },
    {
      "icon_id": "2506198",
      "name": "搜索",
      "font_class": "sousuo",
      "unicode": "e634",
      "unicode_decimal": 58932
    },
    {
      "icon_id": "10280096",
      "name": "搜索",
      "font_class": "tubiao-",
      "unicode": "e602",
      "unicode_decimal": 58882
    },
    {
      "icon_id": "3216549",
      "name": "赞",
      "font_class": "zan",
      "unicode": "e672",
      "unicode_decimal": 58994
    },
    {
      "icon_id": "14475141",
      "name": "箭头",
      "font_class": "jiantou",
      "unicode": "e60d",
      "unicode_decimal": 58893
    },
    {
      "icon_id": "1115070",
      "name": "商店",
      "font_class": "shangdian",
      "unicode": "e633",
      "unicode_decimal": 58931
    },
    {
      "icon_id": "2053182",
      "name": "订单",
      "font_class": "dingdan",
      "unicode": "e6e4",
      "unicode_decimal": 59108
    },
    {
      "icon_id": "3216541",
      "name": "商店",
      "font_class": "shangdian1",
      "unicode": "e66f",
      "unicode_decimal": 58991
    },
    {
      "icon_id": "6446009",
      "name": "我的",
      "font_class": "tianchongxing-",
      "unicode": "e62a",
      "unicode_decimal": 58922
    },
    {
      "icon_id": "6862089",
      "name": "地址",
      "font_class": "icon-test",
      "unicode": "e619",
      "unicode_decimal": 58905
    },
    {
      "icon_id": "7366875",
      "name": "我的",
      "font_class": "wode",
      "unicode": "e611",
      "unicode_decimal": 58897
    },
    {
      "icon_id": "14095295",
      "name": "我的",
      "font_class": "wode1",
      "unicode": "e78a",
      "unicode_decimal": 59274
    }
  ]
}
